date,pm25
2023/8/6,11
2023/8/7,11
2023/8/8,11
2023/8/9,21
2023/8/10,30
2023/8/11,24
2023/8/12,28
2023/8/13,18
2023/8/14,16
2023/8/15,17
2023/8/16,23
2023/8/17,24
2023/8/18,32
2023/8/19,11
2023/8/20,9
2023/8/21,7
2023/8/22,9
2023/8/23,8
2023/8/24,7
2023/8/25,8
2023/8/26,10
2023/8/27,9
2023/8/28,4
2023/8/29,9
2023/8/30,8
2023/8/31,8
2023/9/1,10
2023/9/2,12
2023/9/3,17
2023/9/4,20
2023/9/5,31
2023/9/6,11
2023/9/7,5
2023/9/8,9
2023/9/21,18
2023/9/22,29
2023/9/23,40
2023/9/24,24
2023/9/25,16
2023/9/26,19
2023/9/27,14
2023/9/28,10
2023/9/29,9
2023/9/30,12
2023/10/1,15
2023/10/2,24
2023/10/3,14
2023/10/4,12
2023/10/5,12
2023/10/6,10
2023/10/7,7
2023/10/8,2
2023/10/9,4
2023/10/10,3
2023/10/11,3
2023/10/12,7
2023/10/13,7
2023/10/14,7
2023/10/15,18
2023/10/16,11
2023/10/17,4
2023/10/18,4
2023/10/19,11
2023/10/20,17
2023/10/21,7
2023/10/22,6
2023/10/23,12
2023/10/24,7
2023/10/25,6
2023/10/26,8
2023/10/27,6
2023/10/28,14
2023/10/29,8
2023/11/19,10
2023/11/20,14
2023/11/21,13
2023/11/22,7
2023/11/23,7
2023/11/24,11
2023/11/25,11
2023/11/26,11
2023/11/27,9
2023/11/28,8
2023/11/29,10
2023/11/30,10
2023/12/1,15
2023/12/2,28
2023/12/3,26
2023/12/4,13
2023/12/5,15
2023/12/6,22
2023/12/7,19
2023/12/8,11
2023/12/9,14
2023/12/10,15
2023/12/11,16
2023/12/12,10
2023/12/13,10
2023/12/14,14
2023/12/15,13
2023/12/16,11
2023/12/17,4
2023/12/18,5
2023/12/19,3
2023/12/20,3
2023/12/21,10
2023/12/22,10
2023/12/23,10
2023/12/24,15
2023/12/25,7
2023/12/26,9
2023/12/27,14
2023/12/28,11
2023/12/29,12
2023/12/30,6
2023/12/31,7
2024/1/1,5
2024/1/2,6
2024/1/3,4
2024/1/4,3
2024/1/5,4
2024/1/6,6
2024/1/7,6
2024/1/8,5
2024/1/9,4
2024/1/10,6
2024/1/11,3
2024/1/12,8
2024/1/13,10
2024/1/14,8
2024/1/29,7
2024/1/30,12
2024/1/31,16
2024/2/1,4
2024/2/2,3
2024/2/3,6
2024/2/4,4
2024/2/5,6
2024/2/6,7
2024/2/7,9
2024/2/8,9
2024/2/9,6
2024/2/10,14
2024/2/11,12
2024/2/12,12
2024/2/13,7
2024/2/14,9
2024/2/15,24
2024/2/16,11
2024/2/17,4
2024/2/18,2
2024/2/19,5
2024/2/20,6
2024/2/21,14
2024/2/22,15
2024/2/23,12
2024/2/24,12
2024/2/25,6
2024/2/26,12
2024/2/27,8
2024/2/28,15
2024/2/29,10
2024/3/1,8
2024/3/2,9
2024/3/3,19
2024/3/4,16
2024/3/5,4
2024/3/6,6
2024/3/7,8
2024/3/8,6
2024/3/9,7
2024/3/10,6
2024/3/11,6
2024/3/12,8
2024/3/13,12
2024/3/14,18
2024/3/15,22
2024/3/16,23
2024/3/17,2
2024/3/18,4
2024/3/19,8
2024/3/20,13
2024/3/21,11
2024/3/22,15
2024/3/23,5
2024/3/24,7
2024/3/25,8
2024/3/26,11
2024/3/27,13
2024/3/28,10
2024/3/29,12
2024/3/30,7
2024/3/31,10
2024/4/1,12
2024/4/2,6
2024/4/3,3
2024/4/4,4
2024/4/5,5
2024/4/6,9
2024/4/7,8
2024/4/8,7
2024/4/9,8
2024/4/10,10
2024/4/11,5
2024/4/12,4
2024/4/13,8
2024/4/14,6
2024/4/15,4
2024/4/16,7
2024/4/17,5
2024/4/18,5
2024/4/19,5
2024/4/20,6
2024/4/21,7
2024/4/22,6
2024/4/23,3
2024/4/24,8
2024/4/25,6
2024/4/26,4
2024/4/27,9
2024/4/28,8
2024/4/29,10
2024/4/30,7
2024/5/1,6
2024/5/2,5
2024/5/3,10
2024/5/4,10
2024/5/5,6
2024/5/6,6
2024/5/7,6
2024/5/8,7
2024/5/9,8
2024/5/10,6
2024/5/11,6
2024/5/12,6
2024/5/13,7
2024/5/14,11
2024/5/15,8
2024/5/16,7
2024/5/17,7
2024/5/18,8
2024/5/19,10
2024/5/20,6
2024/5/21,6
2024/5/22,6
2024/5/23,6
2024/5/24,10
2024/5/25,14
2024/5/26,24
2024/5/27,19
2024/5/28,28
2024/5/29,20
2024/5/30,17
2024/5/31,23
2024/6/1,19
2024/6/2,15
2024/6/3,17
2024/6/4,18
2024/6/5,9
2024/6/6,9
2024/6/7,9
2024/6/8,8
2024/6/9,9
2024/6/10,7
2024/6/11,8
2024/6/12,8
2024/6/13,8
2024/6/14,6
2024/6/15,6
2024/6/16,8
2024/6/17,12
2024/6/18,12
2024/6/19,8
2024/6/20,6
2024/6/21,6
2024/6/22,6
2024/6/23,10
2024/6/24,10
2024/6/25,8
2024/6/26,9
2024/6/27,9
2024/6/28,13
2024/6/29,19
2024/6/30,8
2024/7/1,14
2024/7/2,8
2024/7/3,8
2024/7/4,8
2024/7/5,8
2024/7/6,5
2024/7/7,7
2024/7/8,6
2024/7/9,6
2024/7/10,6
2024/7/11,8
2024/7/12,11
2024/7/13,16
2024/7/14,14
2024/7/15,8
2024/7/16,9
2024/7/17,16
2024/7/18,13
2024/7/19,8
2024/7/20,12
2024/7/21,18
2024/7/22,11
2024/7/23,11
2024/7/24,11
2024/7/25,12
2024/7/26,16
2024/7/27,17
2024/7/28,11
2024/7/29,11
2024/7/30,11
2024/7/31,10
2024/8/1,8
2024/8/2,7
2024/8/3,10
2024/8/4,14
2024/8/5,22
2024/8/6,17
2024/8/7,16
2024/8/8,14
2024/8/9,11
2024/8/10,9
2024/8/11,5
2024/8/12,4
2024/8/13,8
2024/8/14,12
2024/8/15,10
2024/8/16,10
2024/8/17,10
2024/8/18,7
2024/8/19,8
2024/8/20,9
2024/8/21,10
2024/8/22,11
2024/8/23,7
2024/8/24,9
2024/8/25,12
2024/8/26,10
2024/8/27,22
2024/8/28,18
2024/8/29,19
2024/8/30,32
2024/8/31,11
2024/9/1,12
2024/9/2,24
2024/9/3,31
2024/9/4,29
2024/9/5,23
2024/9/6,21
2024/9/7,15
2024/9/8,24
2024/9/9,20
2024/9/10,16
2024/9/11,17
2024/9/12,25
2024/9/13,20
2024/9/14,19
2024/9/15,18
2024/9/16,20
2024/9/17,23
2024/9/18,15
2024/9/19,8
2024/9/20,8
2024/9/21,7
2024/9/22,5
2024/9/23,6
2024/9/24,17
2024/9/25,23
2024/9/26,13
2024/9/27,11
2024/9/28,5
2024/9/29,3
2024/9/30,3
2024/10/1,6
2024/10/2,6
2024/10/3,8
2024/10/4,6
2024/10/5,7
2024/10/6,7
2024/10/7,5
2024/10/8,4
2024/10/9,6
2024/10/10,9
2024/10/11,10
2024/10/12,7
2024/10/13,8
2024/10/14,10
2024/10/15,6
2024/10/16,3
2024/10/17,5
2024/10/18,6
2024/10/19,9
2024/10/20,9
2024/10/21,10
2024/10/22,9
2024/10/23,5
2024/10/24,5
2024/10/25,8
2024/10/26,16
2024/10/27,13
2024/10/28,5
2024/10/29,4
2024/10/30,3
2024/10/31,2
2024/11/1,8
2024/11/2,4
2024/11/3,5
2024/11/4,3
2024/11/5,11
2024/11/6,5
2024/11/7,6
2024/11/8,5
2024/11/9,5
2024/11/10,9
2024/11/11,18
2024/11/12,6
2024/11/13,7
2024/11/14,6
2024/11/15,7
2024/11/16,7
2024/11/17,5
2024/11/18,3
2024/11/19,9
2024/11/20,8
2024/11/21,5
2024/11/22,6
2024/11/23,8
2024/11/24,5
2024/11/25,10
2024/11/26,12
2024/11/27,18
2024/11/28,17
2024/11/29,5
2024/11/30,5
2024/12/1,9
2024/12/2,16
2024/12/3,11
2024/12/4,7
2024/12/5,11
2024/12/6,12
2024/12/7,15
2024/12/8,15
2024/12/9,13
2024/12/10,7
2024/12/11,4
2024/12/12,3
2024/12/13,5
2024/12/14,9
2024/12/15,10
2024/12/16,7
2024/12/17,6
2024/12/18,8
2024/12/19,8
2024/12/20,5
2024/12/21,5
2024/12/22,10
2024/12/23,11
2024/12/24,12
2024/12/25,7
2024/12/26,5
2024/12/27,11
2024/12/28,7
2024/12/29,4
2024/12/30,3
2024/12/31,2
2025/1/1,4
2025/1/2,4
2025/1/3,6
2025/1/4,8
2025/1/5,5
2025/1/6,8
2025/1/7,12
2025/1/8,10
2025/1/9,10
2025/1/10,13
2025/1/11,6
2025/1/12,5
2025/1/13,8
2025/1/14,8
2025/1/15,7
2025/1/16,5
2025/1/17,5
2025/1/18,4
2025/1/19,6
2025/1/20,5
2025/1/21,6
2025/1/22,10
2025/1/23,16
2025/1/24,11
2025/1/25,11
2025/1/26,10
2025/1/27,10
2025/1/28,14
2025/1/29,24
2025/1/30,8
2025/1/31,9
2025/2/1,5
2025/2/2,4
2025/2/3,7
2025/2/4,12
2025/2/5,14
2025/2/6,13
2025/2/7,15
2025/2/8,26
2025/2/9,19
2025/2/10,15
2025/2/11,12
2025/2/12,15
2025/2/13,14
2025/2/14,8
2025/2/15,7
2025/2/16,6
2025/2/17,10
2025/2/18,5
2025/2/19,6
2025/2/20,7
2025/2/21,8
2025/2/22,11
2025/2/23,16
2025/2/24,24
2025/2/25,24
2025/2/26,24
2025/2/27,31
2025/2/28,29
2025/3/1,10
2025/3/2,12
2025/3/3,6
2025/3/4,5
2025/3/5,6
2025/3/6,8
2025/3/7,5
2025/3/8,11
2025/3/9,5
2025/3/10,8
2025/3/11,8
2025/3/12,6
2025/3/13,18
2025/3/14,7
2025/3/15,3
2025/3/18,6
2025/3/19,4
2025/3/20,6
2025/3/21,8
2025/3/22,9
2025/3/23,10
2025/3/24,12
2025/3/25,18
2025/3/26,16
2025/3/27,15
2025/3/28,9
2025/3/29,13
2025/3/30,10
2025/3/31,13
2025/4/1,17
2025/4/2,6
2025/4/3,6
2025/4/4,5
2025/4/5,4
2025/4/6,4
2025/4/7,5
2025/4/8,5
2025/4/9,4
2025/4/10,3
2025/4/11,4
2025/4/12,6
2025/4/13,7
2025/4/14,10
2025/4/15,14
2025/4/16,11
2025/4/17,10
2025/4/18,15
2025/4/19,18
2025/4/20,8
2025/4/21,5
2025/4/22,6
2025/4/23,8
2025/4/24,5
2025/4/25,6
2025/4/26,5
2025/4/27,5
2025/4/28,6
2025/4/29,5
2025/4/30,6
2025/5/1,7
2025/5/2,6
2025/5/3,4
2025/5/4,5
2025/5/5,4
2025/5/6,5
2025/5/7,5
2025/5/8,7
2025/5/9,8
2025/5/10,10
2025/5/11,10
2025/5/12,12
2025/5/13,10
2025/5/14,9
2025/5/15,9
2025/5/16,7
2025/5/17,9
2025/5/18,9
2025/5/19,7
2025/5/20,8
2025/5/21,4
2025/5/22,7
2025/5/23,11
2025/5/24,12
2025/5/25,8
2025/5/26,8
2025/5/27,11
2025/5/28,12
2025/5/29,31
2025/5/30,21
2025/5/31,9
2025/6/1,4
2025/6/2,7
2025/6/3,9
2025/6/4,8
2025/6/5,12
2025/6/6,8
2025/6/7,10
2025/6/8,9
2025/6/9,9
2025/6/10,8
2025/6/11,12
2025/6/12,17
2025/6/13,14
2025/6/14,13
2025/6/15,10
2025/6/16,12
2025/6/17,15
2025/6/18,11
2025/6/19,9
2025/6/20,7
2025/6/21,9
2025/6/22,8
2025/6/23,8
2025/6/24,7
2025/6/25,5
2025/6/26,7
2025/6/27,10
2025/6/28,13
2025/6/29,22
2025/6/30,9
2025/7/1,8
2025/7/2,10
2025/7/3,11
2025/7/4,6
2025/7/5,6
2025/7/6,8
2025/7/7,12
2025/7/8,8
2025/7/9,8
2025/7/10,8
2025/7/11,18
2025/7/12,26
2025/7/13,18
2025/7/14,31
2025/7/15,24
2025/7/16,12
2025/7/17,11
2025/7/18,12
2025/7/19,15
2025/7/20,13
2025/7/21,16
2025/7/22,21
2025/7/23,24
2025/7/24,24
2025/7/25,28
2025/7/26,33
2025/7/27,40
2025/7/28,22
2025/7/29,23
2025/7/30,36
2025/7/31,34
2025/8/1,27
2025/8/2,22
2025/8/3,20
2025/8/4,14
2025/8/5,12
2025/8/6,10
2025/8/7,8
2025/8/8,10
2025/8/9,11
2025/8/10,13
2025/8/11,11
2025/8/12,6
2025/8/13,6
2025/8/14,7
2025/8/15,10
2025/8/16,5
2025/8/17,6
2025/8/18,10
2025/8/19,8
2025/8/20,5
2025/8/21,5
2025/8/22,7
2025/8/23,7
2025/8/24,9
2025/8/25,9
2025/8/26,7
2025/8/27,7
2025/8/28,6
2025/8/29,12
2025/8/30,31
2025/8/31,10
2025/9/1,11
2025/9/2,10
2025/9/3,12
2025/9/4,15
2025/9/5,16
2025/9/6,15
2025/9/7,16
2025/9/8,23
2025/9/9,26
2025/9/10,27
2025/9/11,19
2025/9/12,11
2025/9/13,16
2025/9/14,18
2025/9/15,12
2025/9/16,12
2025/9/17,9
2025/9/18,8
2025/9/19,8
2025/9/20,11
2025/9/21,24
2025/9/22,7
2025/9/23,3
2025/9/24,3
2025/9/25,4
2025/9/26,5
2025/9/27,8
2025/9/28,6
2025/9/29,8
2025/9/30,14
2025/10/1,13
2025/10/2,10
2025/10/3,14
2025/10/4,20
2025/10/5,14
2025/10/6,13
2025/10/7,17
2025/10/8,12
2025/10/9,10
2025/10/10,12
2025/10/11,5
2025/10/12,3
2025/10/13,5
2025/10/14,5
2025/10/15,7
2025/10/16,6
2025/10/17,6
2025/10/18,8
2025/10/19,7
2025/10/20,7
2025/10/21,9
2025/10/22,8
2025/10/23,12
2025/10/24,17
2025/10/25,21
2025/10/26,10
2025/10/27,8
2025/10/28,7
2025/10/29,12
2025/10/30,7
2025/10/31,7
2025/11/1,12
2025/11/2,11
2025/11/3,16
2025/11/4,8
2025/11/5,6
2025/11/6,15
2025/11/7,9
2025/11/8,8
2025/11/9,16
2025/11/10,7
2025/11/11,17
2025/11/12,7
2025/11/13,7
2025/11/14,3
2025/11/15,5
2025/11/16,5
2025/11/17,10
2025/11/18,14
