# Sensor Комендантский проспект, округ Коломяги, Russia (Citizen Science project sensor.community/82410)
# https://aqicn.org/station/@410605/
# Daily pm25
date,min,max,median,q1,q3,stdev,count
2023-08-06T00:00:00.000Z,1.75,3.83,2.58,2.38,2.75,0.302,495
2023-08-07T00:00:00.000Z,1.7,104.8,2.63,2.22,3.17,17.536,1325
2023-08-08T00:00:00.000Z,1.7,115.3,2.72,2.35,3.5,24.301,1323
2023-08-09T00:00:00.000Z,2.4,73.63,5,3.33,6.63,11.561,1300
2023-08-10T00:00:00.000Z,4.2,136.05,7.13,6.32,8.48,25.708,1127
2023-08-11T00:00:00.000Z,3.3,132.63,5.69,4.72,8.06,25.566,1152
2023-08-12T00:00:00.000Z,1.98,79.55,6.63,3.1,12.52,13.216,1303
2023-08-13T00:00:00.000Z,2.02,113.57,4.43,2.85,8.27,16.007,1279
2023-08-14T00:00:00.000Z,2.17,14.07,3.8,3.35,4.25,0.897,1355
2023-08-15T00:00:00.000Z,2.42,55.72,4.09,3.67,4.68,6.995,1284
2023-08-16T00:00:00.000Z,2.9,177.2,5.57,4.4,7.71,7.278,1305
2023-08-17T00:00:00.000Z,3.3,117.5,5.82,4.32,8.38,15.862,1269
2023-08-18T00:00:00.000Z,3.63,186.23,7.75,5.78,9.6,31.146,1295
2023-08-19T00:00:00.000Z,0.73,20.77,2.58,2,4.09,2.64,1316
2023-08-20T00:00:00.000Z,1.02,47.95,2.25,1.72,3.35,6.034,1088
2023-08-21T00:00:00.000Z,0.93,3.47,1.7,1.58,1.9,0.284,1091
2023-08-22T00:00:00.000Z,1.3,20.27,2.22,1.85,2.9,2.058,1298
2023-08-23T00:00:00.000Z,0.73,17,1.8,1.4,2.4,1.593,1327
2023-08-24T00:00:00.000Z,0.63,8.57,1.65,1.3,2.1,0.873,1329
2023-08-25T00:00:00.000Z,0.6,12.9,2,1.4,2.85,1.166,1341
2023-08-26T00:00:00.000Z,1.2,7.72,2.38,2,2.7,0.671,1339
2023-08-27T00:00:00.000Z,0.5,4.7,2.1,1.67,2.52,0.686,1213
2023-08-28T00:00:00.000Z,0.13,3.03,1.02,0.8,1.3,0.328,1359
2023-08-29T00:00:00.000Z,1.02,14.1,2.08,1.73,2.33,1.17,1330
2023-08-30T00:00:00.000Z,0.82,10.52,1.88,1.63,2.13,0.937,1281
2023-08-31T00:00:00.000Z,1.2,9.65,2.02,1.7,2.84,0.969,1321
2023-09-01T00:00:00.000Z,1.35,9.05,2.4,1.95,2.8,0.972,1305
2023-09-02T00:00:00.000Z,1.65,19.8,3,2.47,6.03,2.901,1272
2023-09-03T00:00:00.000Z,1.75,39.08,4.05,2.65,9.99,5.449,1268
2023-09-04T00:00:00.000Z,2.1,17.95,4.68,2.97,5.55,1.937,759
2023-09-05T00:00:00.000Z,2.2,34.9,7.55,6.6,8.6,2.719,549
2023-09-06T00:00:00.000Z,1,20.5,2.75,2.25,4.32,3.158,1150
2023-09-07T00:00:00.000Z,0.32,6.9,1.2,0.93,1.4,0.525,951
2023-09-08T00:00:00.000Z,0.7,6.93,2.27,1.48,2.92,1.02,762
2023-09-21T00:00:00.000Z,3.3,10.23,4.22,3.95,4.5,0.595,539
2023-09-22T00:00:00.000Z,4.22,30.9,7,6.05,9.15,2.49,1237
2023-09-23T00:00:00.000Z,3.3,22.48,9.5,7.15,13.52,3.915,979
2023-09-24T00:00:00.000Z,2.2,16.67,5.82,4.05,9.4,2.963,1187
2023-09-25T00:00:00.000Z,1.8,8.94,3.8,3.3,4.38,0.937,1239
2023-09-26T00:00:00.000Z,2.02,10.02,4.46,3.84,5.45,1.379,1064
2023-09-27T00:00:00.000Z,1.9,7.82,3.3,2.65,4.38,0.979,863
2023-09-28T00:00:00.000Z,1.4,8.18,2.5,2.13,3.1,1.167,1313
2023-09-29T00:00:00.000Z,0.82,9.18,2.17,1.63,3.3,0.991,1326
2023-09-30T00:00:00.000Z,1.08,12.48,2.88,2.08,4.53,2.239,1211
2023-10-01T00:00:00.000Z,1.2,15.57,3.58,2.29,4.7,2.545,1133
2023-10-02T00:00:00.000Z,3.53,15.77,5.7,4.82,7.63,2.119,1051
2023-10-03T00:00:00.000Z,2.1,11.15,3.33,2.97,4.05,1.559,662
2023-10-04T00:00:00.000Z,1.92,4.8,2.9,2.63,3.28,0.494,866
2023-10-05T00:00:00.000Z,1,14.23,2.8,2,5.88,2.944,861
2023-10-06T00:00:00.000Z,1.48,8.3,2.5,2.08,2.97,0.711,1306
2023-10-07T00:00:00.000Z,0.52,16.05,1.76,1.4,2.27,0.82,1100
2023-10-08T00:00:00.000Z,0,2.72,0.55,0.3,0.9,0.46,1218
2023-10-09T00:00:00.000Z,0.3,6.32,1.05,0.88,1.27,0.388,1268
2023-10-10T00:00:00.000Z,0,6.95,0.8,0.56,1.1,0.577,1036
2023-10-11T00:00:00.000Z,0,3.22,0.63,0.3,0.95,0.43,1292
2023-10-12T00:00:00.000Z,0.55,3.55,1.7,1.4,2.04,0.435,1234
2023-10-13T00:00:00.000Z,0.38,4.65,1.58,1,2.45,0.789,1147
2023-10-14T00:00:00.000Z,0.8,6.65,1.65,1.38,1.99,0.899,916
2023-10-15T00:00:00.000Z,1.98,8.69,4.28,3.72,5.4,1.161,1273
2023-10-16T00:00:00.000Z,1.08,6.4,2.64,1.83,3.5,1.143,1274
2023-10-17T00:00:00.000Z,0,7.7,1.05,0.7,1.55,0.729,1282
2023-10-18T00:00:00.000Z,0,3.45,0.98,0.7,1.2,0.398,1162
2023-10-19T00:00:00.000Z,0.98,12.15,2.58,2.1,3.3,1.022,1032
2023-10-20T00:00:00.000Z,2.13,13.9,4.15,3.2,5.32,1.741,1359
2023-10-21T00:00:00.000Z,0.28,7.1,1.67,1,4.9,2.011,1345
2023-10-22T00:00:00.000Z,0.1,9.32,1.48,1,1.9,0.712,1296
2023-10-23T00:00:00.000Z,1.02,10.4,2.8,2.1,4.25,1.939,1350
2023-10-24T00:00:00.000Z,0.2,5.65,1.6,1.12,2.37,0.872,1324
2023-10-25T00:00:00.000Z,0.1,2.92,1.33,0.95,1.65,0.503,1376
2023-10-26T00:00:00.000Z,0.56,23.8,1.8,1.5,2.29,0.98,1365
2023-10-27T00:00:00.000Z,0.32,5.5,1.42,1.12,2,0.771,1367
2023-10-28T00:00:00.000Z,1.8,6.55,3.28,2.9,3.75,0.748,659
2023-10-29T00:00:00.000Z,1.48,2.67,1.95,1.73,2.14,0.306,21
2023-11-19T00:00:00.000Z,2.22,3.22,2.5,2.42,2.75,0.287,18
2023-11-20T00:00:00.000Z,2.27,4.95,3.35,3.03,3.67,0.442,1107
2023-11-21T00:00:00.000Z,1.35,6.72,3.03,2.33,3.9,0.963,1338
2023-11-22T00:00:00.000Z,0.6,6.55,1.77,1.48,2.6,1.024,1327
2023-11-23T00:00:00.000Z,0.8,7,1.65,1.35,2.42,1.422,1367
2023-11-24T00:00:00.000Z,1.9,9.85,2.67,2.42,3.03,1.116,1356
2023-11-25T00:00:00.000Z,1.65,5,2.65,2.25,3,0.57,1355
2023-11-26T00:00:00.000Z,1.98,4.43,2.72,2.5,3.15,0.495,1338
2023-11-27T00:00:00.000Z,0.3,12.35,2.1,1.6,2.4,1.167,1348
2023-11-28T00:00:00.000Z,0.4,3.2,2,1.58,2.35,0.561,1375
2023-11-29T00:00:00.000Z,1.38,4.63,2.42,2.2,2.85,0.587,1379
2023-11-30T00:00:00.000Z,1.8,4.18,2.5,2.27,2.83,0.44,538
2023-12-01T00:00:00.000Z,2.1,5.25,3.5,3.17,3.88,0.526,1364
2023-12-02T00:00:00.000Z,3.08,12.3,6.8,5.5,7.82,1.755,1237
2023-12-03T00:00:00.000Z,2.7,11.65,6.2,5.07,8.82,2.076,1378
2023-12-04T00:00:00.000Z,1.8,5.3,3.2,2.83,3.55,0.497,1374
2023-12-05T00:00:00.000Z,2.1,8.75,3.6,3.05,4.8,1.361,1358
2023-12-06T00:00:00.000Z,1.7,9.93,5.22,3.92,6.75,1.7,1374
2023-12-07T00:00:00.000Z,2.04,11.73,4.59,3.88,5.78,1.582,1368
2023-12-08T00:00:00.000Z,1.3,4.3,2.6,2.35,2.85,0.415,1374
2023-12-09T00:00:00.000Z,1.73,4.95,3.38,2.78,3.8,0.626,1387
2023-12-10T00:00:00.000Z,2.13,5.47,3.5,3.15,3.9,0.534,1388
2023-12-11T00:00:00.000Z,2.2,5.45,3.72,3.2,4.12,0.601,1373
2023-12-12T00:00:00.000Z,1.75,3.8,2.52,2.29,2.83,0.365,1373
2023-12-13T00:00:00.000Z,1.6,4.18,2.5,2.1,2.85,0.497,1377
2023-12-14T00:00:00.000Z,1.98,5.93,3.45,2.67,4.05,0.783,1388
2023-12-15T00:00:00.000Z,1.83,4.95,3.05,2.7,3.38,0.456,1383
2023-12-16T00:00:00.000Z,0.55,4.84,2.6,1.95,3.17,0.88,1387
2023-12-17T00:00:00.000Z,0,2.04,0.95,0.52,1.25,0.437,1372
2023-12-18T00:00:00.000Z,0.2,2.38,1.17,1,1.38,0.276,1383
2023-12-19T00:00:00.000Z,0.08,3.15,0.63,0.47,0.85,0.54,1362
2023-12-20T00:00:00.000Z,0.2,2.92,0.81,0.65,1.1,0.478,1376
2023-12-21T00:00:00.000Z,1.35,4.09,2.42,2,2.9,0.551,1382
2023-12-22T00:00:00.000Z,1.08,6.18,2.5,1.8,3.05,0.856,1373
2023-12-23T00:00:00.000Z,1.4,3.83,2.5,2.2,2.88,0.453,1387
2023-12-24T00:00:00.000Z,1.33,6.25,3.55,2.97,4.42,1.016,1373
2023-12-25T00:00:00.000Z,1.02,2.97,1.75,1.55,2,0.344,1383
2023-12-26T00:00:00.000Z,1.02,3.55,2.15,1.9,2.4,0.397,1211
2023-12-27T00:00:00.000Z,1.6,5.35,3.45,2.83,4.03,0.76,1377
2023-12-28T00:00:00.000Z,1.23,6.5,2.6,2.13,3.47,1.065,1371
2023-12-29T00:00:00.000Z,1.23,4.45,2.85,2.2,3.28,0.681,1354
2023-12-30T00:00:00.000Z,0.77,2.97,1.52,1.35,1.7,0.349,1370
2023-12-31T00:00:00.000Z,0.73,3.08,1.58,1.38,1.8,0.372,1288
2024-01-01T00:00:00.000Z,0.1,3.75,1.12,0.8,1.48,0.493,1325
2024-01-02T00:00:00.000Z,0.05,5.3,1.55,1,2.27,0.965,1126
2024-01-03T00:00:00.000Z,0,2.54,0.88,0.55,1.23,0.489,1363
2024-01-04T00:00:00.000Z,0,2.17,0.75,0.47,1.08,0.43,1376
2024-01-05T00:00:00.000Z,0,2.54,0.93,0.6,1.25,0.473,1376
2024-01-06T00:00:00.000Z,0.2,33.75,1.48,1.1,1.8,1.639,1378
2024-01-07T00:00:00.000Z,0.3,2.63,1.4,1.1,1.67,0.417,1376
2024-01-08T00:00:00.000Z,0.2,2,1.1,0.88,1.33,0.325,1377
2024-01-09T00:00:00.000Z,0.2,2,0.88,0.7,1.1,0.28,1376
2024-01-10T00:00:00.000Z,0.1,4.93,1.5,1.02,2,1.073,1366
2024-01-11T00:00:00.000Z,0,2.02,0.7,0.5,0.9,0.308,1370
2024-01-12T00:00:00.000Z,0.3,4.82,1.85,1.23,3,1.006,1389
2024-01-13T00:00:00.000Z,0.55,4.93,2.5,2,3.03,0.769,1316
2024-01-14T00:00:00.000Z,0.47,3.58,2,1.55,2.46,0.596,1197
2024-01-29T00:00:00.000Z,0.6,3.85,1.6,1.3,2.22,0.557,1382
2024-01-30T00:00:00.000Z,1.8,7.13,2.83,2.45,3.75,1.254,778
2024-01-31T00:00:00.000Z,1.75,6.97,3.78,3.25,4.2,0.713,1391
2024-02-01T00:00:00.000Z,0.17,2.65,1.02,0.8,1.3,0.379,1307
2024-02-02T00:00:00.000Z,0.03,1.95,0.68,0.5,0.9,0.302,1261
2024-02-03T00:00:00.000Z,0.68,2.54,1.5,1.33,1.67,0.256,1207
2024-02-04T00:00:00.000Z,0.25,2.47,1,0.82,1.23,0.361,1337
2024-02-05T00:00:00.000Z,0.43,2.45,1.4,1.12,1.6,0.342,1374
2024-02-06T00:00:00.000Z,0.7,3.08,1.7,1.35,2,0.412,1379
2024-02-07T00:00:00.000Z,0.82,3.97,2.25,1.84,2.6,0.533,1349
2024-02-08T00:00:00.000Z,0.47,3.85,2.17,1.73,2.6,0.6,1283
2024-02-09T00:00:00.000Z,0.22,2.6,1.5,1.23,1.73,0.36,1354
2024-02-10T00:00:00.000Z,0.55,6.7,3.3,2.29,3.97,1.174,1341
2024-02-11T00:00:00.000Z,1.6,5.22,2.97,2.5,3.45,0.676,1372
2024-02-12T00:00:00.000Z,1.14,4.88,2.88,2.1,3.38,0.776,1356
2024-02-13T00:00:00.000Z,0.98,3.1,1.77,1.58,1.98,0.305,1357
2024-02-14T00:00:00.000Z,1.27,3.95,2.1,1.9,2.29,0.397,1372
2024-02-15T00:00:00.000Z,2.47,9.23,5.85,4.04,6.63,1.46,1332
2024-02-16T00:00:00.000Z,0.55,7.4,2.58,2.2,4.09,1.407,1364
2024-02-17T00:00:00.000Z,0,3.88,1,0.68,2.13,0.96,1377
2024-02-18T00:00:00.000Z,0,4.82,0.47,0.3,0.7,0.782,1365
2024-02-19T00:00:00.000Z,0.2,2.75,1.2,1,1.4,0.341,1369
2024-02-20T00:00:00.000Z,0.55,2.29,1.35,1.08,1.65,0.368,923
2024-02-21T00:00:00.000Z,1.2,5.2,3.33,2.29,3.9,0.918,1382
2024-02-22T00:00:00.000Z,2.45,4.84,3.65,3.42,3.88,0.34,1374
2024-02-23T00:00:00.000Z,1.5,5.22,3,2.7,3.42,0.664,1372
2024-02-24T00:00:00.000Z,1.14,6.2,2.9,2.4,3.55,0.899,1380
2024-02-25T00:00:00.000Z,0,6.1,1.4,0.8,1.92,1.158,1373
2024-02-26T00:00:00.000Z,1.9,4.84,2.9,2.58,3.2,0.429,1370
2024-02-27T00:00:00.000Z,1.02,4.05,2,1.5,2.9,0.74,1353
2024-02-28T00:00:00.000Z,1.63,5.93,3.53,2.85,4.25,0.909,1379
2024-02-29T00:00:00.000Z,0.98,6.3,2.35,1.8,4.2,1.285,1356
2024-03-01T00:00:00.000Z,0.98,3.2,2,1.7,2.25,0.402,1223
2024-03-02T00:00:00.000Z,1.08,3.35,2.2,1.9,2.47,0.397,1368
2024-03-03T00:00:00.000Z,2.17,11.7,4.57,4,6.99,2.204,1325
2024-03-04T00:00:00.000Z,0.88,8.02,3.95,2.24,5.32,1.702,1320
2024-03-05T00:00:00.000Z,0.15,6.65,1,0.65,1.4,0.772,1305
2024-03-06T00:00:00.000Z,0.56,4.22,1.52,1.3,1.75,0.408,1294
2024-03-07T00:00:00.000Z,1.23,3.33,1.98,1.77,2.22,0.356,1322
2024-03-08T00:00:00.000Z,0.63,2.4,1.38,1.17,1.6,0.308,1338
2024-03-09T00:00:00.000Z,0.6,123.25,1.63,1.4,1.95,8.022,1351
2024-03-10T00:00:00.000Z,0.63,2.78,1.4,1.2,1.6,0.281,1347
2024-03-11T00:00:00.000Z,0.6,6.07,1.33,1.17,1.6,0.694,1239
2024-03-12T00:00:00.000Z,1,4.53,1.9,1.7,2.1,0.408,1316
2024-03-13T00:00:00.000Z,1,4.25,2.83,2,3.3,0.768,1353
2024-03-14T00:00:00.000Z,3.25,6.18,4.4,4.03,4.95,0.589,1271
2024-03-15T00:00:00.000Z,2.35,9.88,5.25,4.25,6.3,1.384,1326
2024-03-16T00:00:00.000Z,3.58,8.32,5.43,4.82,6.03,0.917,1363
2024-03-17T00:00:00.000Z,0,4.53,0.47,0.25,3.22,1.464,1295
2024-03-18T00:00:00.000Z,0,2.29,0.98,0.7,1.17,0.366,1373
2024-03-19T00:00:00.000Z,1,3.92,1.9,1.65,2.2,0.474,1355
2024-03-20T00:00:00.000Z,2,5.22,3.15,2.88,3.58,0.499,1355
2024-03-21T00:00:00.000Z,1,4.59,2.6,2.15,3.5,0.858,1378
2024-03-22T00:00:00.000Z,1.45,6.82,3.53,2.13,4.73,1.358,1180
2024-03-23T00:00:00.000Z,0.2,2.8,1.3,1.05,1.5,0.394,1283
2024-03-24T00:00:00.000Z,0.55,3.17,1.7,1.48,1.95,0.374,1326
2024-03-25T00:00:00.000Z,1,3.15,1.83,1.63,2.08,0.359,1380
2024-03-26T00:00:00.000Z,0.98,6.85,2.6,1.92,3.3,1.071,1376
2024-03-27T00:00:00.000Z,1.4,8.05,3.2,2.65,4.2,1.464,1325
2024-03-28T00:00:00.000Z,1.4,15.63,2.35,2.04,2.65,1.741,1291
2024-03-29T00:00:00.000Z,0.9,5.03,2.97,2.2,3.63,0.867,854
2024-03-30T00:00:00.000Z,0.47,3.03,1.6,1.1,2.04,0.524,1350
2024-03-31T00:00:00.000Z,1.35,3.85,2.33,2.02,2.65,0.431,1367
2024-04-01T00:00:00.000Z,1.35,6.07,3,2.45,3.4,0.755,1214
2024-04-02T00:00:00.000Z,0.35,4.68,1.4,1.08,1.9,0.751,1368
2024-04-03T00:00:00.000Z,0.05,1.5,0.7,0.5,0.85,0.25,1359
2024-04-04T00:00:00.000Z,0.05,2.63,0.9,0.6,1.3,0.488,1380
2024-04-05T00:00:00.000Z,0.5,2.5,1.23,1.02,1.5,0.358,1329
2024-04-06T00:00:00.000Z,1.14,3.4,2.1,1.8,2.42,0.395,1385
2024-04-07T00:00:00.000Z,1.1,4.38,1.98,1.65,2.75,0.676,1372
2024-04-08T00:00:00.000Z,0.73,29.23,1.63,1.48,1.9,4.887,1261
2024-04-09T00:00:00.000Z,1.2,142.05,2,1.65,3.22,18.823,1309
2024-04-10T00:00:00.000Z,0.4,6.4,2.47,1.88,2.91,0.841,1252
2024-04-11T00:00:00.000Z,0.47,40.5,1.2,1,1.45,4.651,1283
2024-04-12T00:00:00.000Z,0.08,60.95,0.93,0.77,1.17,7.497,1290
2024-04-13T00:00:00.000Z,1.12,4.82,2,1.7,2.4,0.537,1360
2024-04-14T00:00:00.000Z,0.13,3.05,1.42,1,1.7,0.562,1384
2024-04-15T00:00:00.000Z,0.13,2.33,1,0.77,1.27,0.377,1384
2024-04-16T00:00:00.000Z,0.52,3.28,1.75,1.35,2.1,0.483,1372
2024-04-17T00:00:00.000Z,0.55,2.67,1.2,1.05,1.4,0.358,1369
2024-04-18T00:00:00.000Z,0.77,2.25,1.3,1.14,1.4,0.195,1375
2024-04-19T00:00:00.000Z,0.3,2.9,1.2,1,1.3,0.244,1347
2024-04-20T00:00:00.000Z,0.77,2.5,1.5,1.25,1.75,0.315,1121
2024-04-21T00:00:00.000Z,0.93,3.1,1.58,1.35,2.1,0.488,1382
2024-04-22T00:00:00.000Z,0.93,3.15,1.5,1.38,1.6,0.298,1370
2024-04-23T00:00:00.000Z,0,3,0.7,0.4,1.33,0.643,1359
2024-04-24T00:00:00.000Z,1.02,3.08,1.8,1.64,1.98,0.255,1380
2024-04-25T00:00:00.000Z,0.32,3.4,1.42,1.1,1.9,0.603,1357
2024-04-26T00:00:00.000Z,0.4,18.5,0.85,0.7,1.1,1.322,1126
2024-04-27T00:00:00.000Z,0.9,192.48,2.25,1.75,3.42,25.712,1354
2024-04-28T00:00:00.000Z,0.56,20.55,1.9,1.6,2.27,1.014,1300
2024-04-29T00:00:00.000Z,1.45,69.9,2.5,2.13,3,7.917,1303
2024-04-30T00:00:00.000Z,0.7,4.82,1.63,1.38,2.6,0.911,1391
2024-05-01T00:00:00.000Z,0.8,4.07,1.5,1.35,1.7,0.498,1320
2024-05-02T00:00:00.000Z,0.4,2.33,1.2,0.95,1.58,0.369,1384
2024-05-03T00:00:00.000Z,0.5,3.72,2.29,1.2,2.52,0.681,1381
2024-05-04T00:00:00.000Z,1.27,3.47,2.4,1.8,2.65,0.493,881
2024-05-05T00:00:00.000Z,0.73,2.5,1.52,1.38,1.7,0.254,1114
2024-05-06T00:00:00.000Z,0.9,2.65,1.42,1.3,1.64,0.296,1381
2024-05-07T00:00:00.000Z,0.93,2.45,1.5,1.4,1.6,0.212,1386
2024-05-08T00:00:00.000Z,1.1,3.08,1.7,1.5,1.9,0.289,1384
2024-05-09T00:00:00.000Z,1.2,3.2,1.85,1.7,2.04,0.301,1390
2024-05-10T00:00:00.000Z,0.1,3.05,1.5,0.8,1.7,0.529,1388
2024-05-11T00:00:00.000Z,0.22,2.58,1.33,1.1,1.58,0.331,1389
2024-05-12T00:00:00.000Z,0.65,33.65,1.42,1.1,1.88,4.094,1333
2024-05-13T00:00:00.000Z,0.47,3.75,1.58,1.3,1.83,0.409,1364
2024-05-14T00:00:00.000Z,1.5,72.34,2.62,2.1,3.35,9.373,1306
2024-05-15T00:00:00.000Z,0.82,259.77,1.88,1.4,2.29,47.304,1314
2024-05-16T00:00:00.000Z,0.93,80.06,1.77,1.48,2.15,12.002,1294
2024-05-17T00:00:00.000Z,0.4,484.2,1.73,1.1,2.35,100.49,1308
2024-05-18T00:00:00.000Z,0.98,283.88,2.02,1.5,3.95,59.842,1299
2024-05-19T00:00:00.000Z,1.3,517.88,2.29,1.8,2.97,113.731,1297
2024-05-20T00:00:00.000Z,0.68,61.3,1.49,1.2,2.1,5.737,1274
2024-05-21T00:00:00.000Z,0.35,406.27,1.35,1.1,1.7,85.382,1313
2024-05-22T00:00:00.000Z,0.68,504.95,1.5,1.3,1.8,104.55,1322
2024-05-23T00:00:00.000Z,0.75,628.88,1.5,1.2,2.2,140.896,1303
2024-05-24T00:00:00.000Z,1.23,693.35,2.29,1.9,3.2,159.185,1291
2024-05-25T00:00:00.000Z,1.4,237.27,3.47,2.04,5.47,31.406,1271
2024-05-26T00:00:00.000Z,1.02,454.6,5.75,2.58,8.61,102.76,1304
2024-05-27T00:00:00.000Z,1,624.1,4.53,2.15,7.53,152.055,1259
2024-05-28T00:00:00.000Z,2.88,395.8,6.82,4.65,8.15,56.758,1218
2024-05-29T00:00:00.000Z,2.4,647.08,4.84,3.89,6.18,146.281,1253
2024-05-30T00:00:00.000Z,2.38,316.83,4.07,3.63,5.18,46.232,1214
2024-05-31T00:00:00.000Z,3.6,484.58,5.43,4.54,7.13,113.156,1245
2024-06-01T00:00:00.000Z,2.38,455.48,4.65,3.35,6.1,86.52,1212
2024-06-02T00:00:00.000Z,2.22,411.98,3.67,3.15,4.34,62.446,1245
2024-06-03T00:00:00.000Z,1.73,175.25,4,2.9,4.88,28.014,1211
2024-06-04T00:00:00.000Z,1.3,232.35,4.28,2.4,7.47,39.647,1303
2024-06-05T00:00:00.000Z,1.4,586.72,2.2,1.9,3.08,119.999,1301
2024-06-06T00:00:00.000Z,1.4,4.8,2.1,1.92,2.35,0.348,1308
2024-06-07T00:00:00.000Z,1.35,289.52,2.22,1.8,3.17,41.375,1306
2024-06-08T00:00:00.000Z,0.7,11.93,2,1.65,2.35,0.727,1318
2024-06-09T00:00:00.000Z,1.3,4.5,2.25,1.9,3.03,0.694,1364
2024-06-10T00:00:00.000Z,1.14,284.73,1.7,1.58,1.9,39.361,1300
2024-06-11T00:00:00.000Z,1,514.29,1.98,1.77,2.31,70.425,1309
2024-06-12T00:00:00.000Z,1.1,41.6,2,1.7,2.45,4.073,1273
2024-06-13T00:00:00.000Z,1.17,187.48,1.83,1.6,2.78,30.054,1315
2024-06-14T00:00:00.000Z,0.82,3.17,1.5,1.4,1.7,0.249,1364
2024-06-15T00:00:00.000Z,0.6,50.6,1.4,1.2,2.17,6.527,1089
2024-06-16T00:00:00.000Z,0.9,71.68,2.04,1.7,2.58,8.783,1269
2024-06-17T00:00:00.000Z,0.9,4.55,2.9,1.98,3.35,0.841,1296
2024-06-18T00:00:00.000Z,1.3,69.18,2.83,2,4.17,6.877,1272
2024-06-19T00:00:00.000Z,0.2,2.78,1.8,1.5,1.92,0.445,1326
2024-06-20T00:00:00.000Z,0.7,59.72,1.5,1.3,1.88,6.669,1273
2024-06-21T00:00:00.000Z,0.52,304.27,1.35,1.17,2.22,49.599,1318
2024-06-22T00:00:00.000Z,0.52,206.9,1.37,1.1,1.8,27.752,1260
2024-06-23T00:00:00.000Z,1.27,107.47,2.5,2,3.2,19.772,1285
2024-06-24T00:00:00.000Z,1.65,98.97,2.29,2.15,2.67,11.009,1222
2024-06-25T00:00:00.000Z,1.25,277.33,1.88,1.7,2.16,36.759,1280
2024-06-26T00:00:00.000Z,1.38,445.5,2.13,1.9,2.63,76.481,1314
2024-06-27T00:00:00.000Z,1.02,634.22,2.1,1.8,4.32,139.039,1315
2024-06-28T00:00:00.000Z,1.8,875.58,3.17,2.38,10.72,181.544,1285
2024-06-29T00:00:00.000Z,0.65,161.13,4.5,1.33,6.21,23.231,1224
2024-06-30T00:00:00.000Z,0.95,44.72,1.8,1.5,2.9,4.386,1248
2024-07-01T00:00:00.000Z,0.85,118.97,3.4,2.7,5.47,16.215,1255
2024-07-02T00:00:00.000Z,0.73,3.05,1.8,1.5,2,0.382,1348
2024-07-03T00:00:00.000Z,0.85,13.8,2,1.65,2.29,1.006,1283
2024-07-04T00:00:00.000Z,1.3,4.84,1.9,1.7,2.35,0.685,1304
2024-07-05T00:00:00.000Z,0.55,4.3,1.9,1.3,2.29,0.593,1310
2024-07-06T00:00:00.000Z,0.52,28,1.25,1.1,1.45,2.636,1271
2024-07-07T00:00:00.000Z,1.12,78.9,1.77,1.52,2.02,11.833,1291
2024-07-08T00:00:00.000Z,0.9,19.1,1.55,1.38,1.88,1.86,1311
2024-07-09T00:00:00.000Z,0.7,401.2,1.4,1.2,1.8,74.206,1315
2024-07-10T00:00:00.000Z,0.8,578.08,1.5,1.35,2.66,132.321,1293
2024-07-11T00:00:00.000Z,1,17.8,1.8,1.58,2.15,1.338,1173
2024-07-12T00:00:00.000Z,1.6,5.9,2.71,2.04,3.2,0.734,1366
2024-07-13T00:00:00.000Z,2.13,162,3.92,3.3,4.78,28.895,1238
2024-07-14T00:00:00.000Z,2.1,5.75,3.35,2.9,3.83,0.7,1342
2024-07-15T00:00:00.000Z,1.2,239.57,1.92,1.7,2.8,50.057,1320
2024-07-16T00:00:00.000Z,1.4,475.6,2.2,1.8,3.2,101.421,1296
2024-07-17T00:00:00.000Z,1.9,5.88,3.72,2.75,4.05,0.784,1195
2024-07-18T00:00:00.000Z,1.6,8.68,3.03,2.58,3.55,1.185,1220
2024-07-19T00:00:00.000Z,1.1,4.13,1.98,1.75,2.4,0.517,1280
2024-07-20T00:00:00.000Z,1.45,4.63,2.88,2.25,3.28,0.629,1274
2024-07-21T00:00:00.000Z,3.05,6.88,4.34,3.95,4.8,0.69,1375
2024-07-22T00:00:00.000Z,1.6,502.33,2.72,2.27,3.65,109.33,1267
2024-07-23T00:00:00.000Z,1.73,85.07,2.6,2.33,3,16.497,1227
2024-07-24T00:00:00.000Z,2.02,574.72,2.65,2.45,3.25,133.225,1250
2024-07-25T00:00:00.000Z,1.95,404.5,2.9,2.65,3.63,92.252,1220
2024-07-26T00:00:00.000Z,2.4,266.6,3.8,2.97,4.5,51.533,1204
2024-07-27T00:00:00.000Z,1.88,21.85,4.18,2.72,5.6,2.359,1150
2024-07-28T00:00:00.000Z,1.5,156.88,2.74,2.2,3.47,28.936,1250
2024-07-29T00:00:00.000Z,1.73,245.8,2.7,2.29,5.6,46.888,1236
2024-07-30T00:00:00.000Z,1.6,6.32,2.63,2.1,3.25,1.208,743
2024-07-31T00:00:00.000Z,1.4,4.84,2.5,1.9,2.9,0.639,1224
2024-08-01T00:00:00.000Z,1,13.5,1.98,1.75,2.22,0.939,1241
2024-08-02T00:00:00.000Z,0.7,2.85,1.65,1.4,1.9,0.371,1277
2024-08-03T00:00:00.000Z,1.3,68.7,2.4,2.1,2.83,6.985,1282
2024-08-04T00:00:00.000Z,2,168.6,3.33,3.03,3.7,22.4,1200
2024-08-05T00:00:00.000Z,2.4,149,5.2,3.13,6.67,26.877,1209
2024-08-06T00:00:00.000Z,1.9,170.4,4.07,2.8,4.75,31.362,1191
2024-08-07T00:00:00.000Z,1.63,158.38,3.85,2.5,4.78,24.469,1203
2024-08-08T00:00:00.000Z,1.83,378.55,3.25,2.5,3.92,77.381,1170
2024-08-09T00:00:00.000Z,1.95,553.08,2.7,2.5,3.09,107.124,1057
2024-08-10T00:00:00.000Z,0.8,3.67,2.22,1.59,2.67,0.642,1124
2024-08-11T00:00:00.000Z,0.45,3.47,1.17,1.02,1.3,0.247,1223
2024-08-12T00:00:00.000Z,0.17,205.45,0.95,0.7,2,34.86,1219
2024-08-13T00:00:00.000Z,0.9,342.25,1.95,1.65,2.92,66.672,1152
2024-08-14T00:00:00.000Z,1.7,9.25,2.92,2.33,3.25,0.752,739
2024-08-15T00:00:00.000Z,1.2,388.02,2.5,2.13,2.8,59.987,741
2024-08-16T00:00:00.000Z,1.8,18.73,2.4,2.2,2.83,1.416,662
2024-08-17T00:00:00.000Z,1.85,50.75,2.5,2.29,2.78,4.455,942
2024-08-18T00:00:00.000Z,0.85,84.93,1.75,1.5,2.25,17.126,1055
2024-08-19T00:00:00.000Z,1.4,35.5,2,1.8,2.42,2.707,1060
2024-08-20T00:00:00.000Z,1.2,184.6,2.2,1.92,2.58,25.595,936
2024-08-21T00:00:00.000Z,1.52,314.48,2.47,2.15,2.92,43.297,966
2024-08-22T00:00:00.000Z,1.6,8,2.6,2.15,5.4,1.863,1114
2024-08-23T00:00:00.000Z,0.75,3.22,1.7,1.42,1.95,0.454,1200
2024-08-24T00:00:00.000Z,1.3,18.92,2.15,1.8,2.85,1.357,1154
2024-08-25T00:00:00.000Z,1.3,141.52,2.79,1.95,4.13,25.89,1122
2024-08-26T00:00:00.000Z,1.3,133.07,2.45,2.02,4.93,24.222,1082
2024-08-27T00:00:00.000Z,2.1,41.5,5.28,2.85,6.55,5.778,1093
2024-08-28T00:00:00.000Z,2.25,85.95,4.4,3.13,5.31,11.962,1060
2024-08-29T00:00:00.000Z,2.8,107.53,4.5,4.09,7.1,21.936,992
2024-08-30T00:00:00.000Z,5.82,107.97,7.72,7.05,8.68,19.234,1088
2024-08-31T00:00:00.000Z,1.3,11.98,2.7,2,7.65,2.922,1123
2024-09-01T00:00:00.000Z,1.7,126.95,2.9,2.54,3.33,19.959,1125
2024-09-02T00:00:00.000Z,2.1,9.35,5.78,3.4,7.32,2.051,1085
2024-09-03T00:00:00.000Z,4.32,139.8,7.38,5.9,8.43,24.511,1083
2024-09-04T00:00:00.000Z,4.38,121.9,6.9,5.78,7.85,24.494,1030
2024-09-05T00:00:00.000Z,2.7,192.57,5.53,4.43,6.82,36.828,1101
2024-09-06T00:00:00.000Z,2.42,162.52,5.09,3.83,6.15,26.898,1096
2024-09-07T00:00:00.000Z,2.1,182.77,3.63,3.13,4.26,30.389,956
2024-09-08T00:00:00.000Z,2.8,91.85,5.85,4.45,6.82,17.838,1126
2024-09-09T00:00:00.000Z,2.72,111.5,4.82,3.63,5.75,17.957,1144
2024-09-10T00:00:00.000Z,2.54,64.8,3.75,3.38,4.25,10.236,1057
2024-09-11T00:00:00.000Z,2.9,14.18,4.13,3.63,4.84,1.319,1010
2024-09-12T00:00:00.000Z,3.63,24.4,5.93,4.75,6.85,2.489,1165
2024-09-13T00:00:00.000Z,3.13,53.13,4.7,4.18,6.03,8.464,1102
2024-09-14T00:00:00.000Z,3.1,11.95,4.57,4,5.6,1.298,1234
2024-09-15T00:00:00.000Z,2.65,21.58,4.2,3.63,4.82,1.985,1237
2024-09-16T00:00:00.000Z,2.4,7.85,4.7,3.45,5.45,1.148,1292
2024-09-17T00:00:00.000Z,2.6,37.33,5.6,4.65,7.05,4.325,1237
2024-09-18T00:00:00.000Z,1.1,16.88,3.5,1.6,6.75,3.196,1221
2024-09-19T00:00:00.000Z,1.02,34.04,1.88,1.67,2.25,5.447,1204
2024-09-20T00:00:00.000Z,1.2,39.97,1.88,1.7,2.04,5.404,1216
2024-09-21T00:00:00.000Z,0.52,37.85,1.63,1.33,1.98,3.821,1227
2024-09-22T00:00:00.000Z,0.1,28.4,1.12,0.77,1.52,3.974,1243
2024-09-23T00:00:00.000Z,0.85,13.32,1.5,1.35,1.73,1.366,1202
2024-09-24T00:00:00.000Z,1.35,12.75,4.07,1.9,5.3,1.866,1201
2024-09-25T00:00:00.000Z,2.72,20.42,5.5,3.78,6.13,2.146,1211
2024-09-26T00:00:00.000Z,2,4.4,3.08,2.83,3.3,0.36,1323
2024-09-27T00:00:00.000Z,1.1,3.9,2.6,2.29,2.95,0.539,994
2024-09-28T00:00:00.000Z,0.7,9.35,1.25,1.1,1.4,0.342,915
2024-09-29T00:00:00.000Z,0,2.54,0.77,0.47,1.05,0.46,1303
2024-09-30T00:00:00.000Z,0.1,2.5,0.68,0.43,1.6,0.617,750
2024-10-01T00:00:00.000Z,0.4,9.02,1.45,1.1,2,0.933,1280
2024-10-02T00:00:00.000Z,0.4,4.13,1.52,1.1,2.29,0.866,1322
2024-10-03T00:00:00.000Z,1.25,4.5,1.98,1.73,3,0.717,1314
2024-10-04T00:00:00.000Z,0.7,3.4,1.4,1.3,1.74,0.462,1349
2024-10-05T00:00:00.000Z,0.22,7.65,1.6,1.3,1.85,0.645,1280
2024-10-06T00:00:00.000Z,0.93,3.3,1.7,1.45,2.22,0.487,1316
2024-10-07T00:00:00.000Z,0.22,2.95,1.3,0.85,1.55,0.411,1332
2024-10-08T00:00:00.000Z,0.22,2.2,1,0.8,1.17,0.288,1300
2024-10-09T00:00:00.000Z,0.7,2.92,1.5,1.3,1.63,0.26,1300
2024-10-10T00:00:00.000Z,0.43,6.28,2.1,1.14,4.34,1.665,1291
2024-10-11T00:00:00.000Z,1.27,5.93,2.4,1.8,4.59,1.467,1276
2024-10-12T00:00:00.000Z,0.55,9.3,1.6,1.12,2.88,1.141,1278
2024-10-13T00:00:00.000Z,0.73,5.93,2,1.5,3.88,1.297,1330
2024-10-14T00:00:00.000Z,0.7,4.5,2.4,1.91,3.17,0.803,1324
2024-10-15T00:00:00.000Z,0.38,4.57,1.4,1.1,2.42,0.864,1282
2024-10-16T00:00:00.000Z,0.2,1.55,0.8,0.7,0.9,0.189,1346
2024-10-17T00:00:00.000Z,0.38,2.4,1.23,1.08,1.48,0.279,1292
2024-10-18T00:00:00.000Z,0.98,13.77,1.5,1.4,1.7,1.195,1276
2024-10-19T00:00:00.000Z,1,6.03,2.1,1.5,2.47,0.698,1273
2024-10-20T00:00:00.000Z,1.5,16,2.22,2,2.5,0.937,1286
2024-10-21T00:00:00.000Z,1.6,5.2,2.29,2,2.6,0.69,916
2024-10-22T00:00:00.000Z,1.5,4.09,2.22,2.04,2.5,0.398,1299
2024-10-23T00:00:00.000Z,0.08,3.25,1.25,0.65,1.73,0.615,1352
2024-10-24T00:00:00.000Z,0.2,2.54,1.1,0.93,1.35,0.308,1288
2024-10-25T00:00:00.000Z,1.1,5.93,2.02,1.7,3,1.012,1134
2024-10-26T00:00:00.000Z,1.05,9.57,3.96,2.4,6.8,2.16,1272
2024-10-27T00:00:00.000Z,2.25,8.05,3.13,2.8,4.18,1.301,1270
2024-10-28T00:00:00.000Z,0.45,3.95,1.25,1.02,1.77,0.708,1259
2024-10-29T00:00:00.000Z,0.03,2.2,0.88,0.7,1.02,0.247,1312
2024-10-30T00:00:00.000Z,0.17,1.8,0.75,0.6,0.95,0.262,1289
2024-10-31T00:00:00.000Z,0.03,2.4,0.56,0.4,0.73,0.26,1274
2024-11-01T00:00:00.000Z,0.3,4.22,1.8,1.3,2.67,0.879,1279
2024-11-02T00:00:00.000Z,0.1,2.33,0.95,0.75,1.2,0.342,1252
2024-11-03T00:00:00.000Z,0.13,4.28,1.2,0.68,2.04,0.971,1232
2024-11-04T00:00:00.000Z,0,2.1,0.75,0.6,0.95,0.276,1126
2024-11-05T00:00:00.000Z,0.4,5.63,2.7,1.2,3.3,1.274,975
2024-11-06T00:00:00.000Z,0.5,4.7,1.17,0.93,1.45,0.799,978
2024-11-07T00:00:00.000Z,0.7,2.38,1.4,1.25,1.5,0.245,1205
2024-11-08T00:00:00.000Z,0.6,2.35,1.2,1,1.4,0.326,1014
2024-11-09T00:00:00.000Z,0.6,4.18,1.3,1.08,1.73,0.636,842
2024-11-10T00:00:00.000Z,1.17,4.45,2.1,1.76,2.94,0.694,772
2024-11-11T00:00:00.000Z,2.1,8.77,4.28,3.78,5.37,1.298,925
2024-11-12T00:00:00.000Z,0.6,3.75,1.48,1.2,2.08,0.636,628
2024-11-13T00:00:00.000Z,0.45,3.72,1.7,1.3,2.15,0.662,783
2024-11-14T00:00:00.000Z,0.7,2.7,1.4,1.23,1.6,0.318,717
2024-11-15T00:00:00.000Z,0.3,3.72,1.6,1.17,1.9,0.599,983
2024-11-16T00:00:00.000Z,0.28,8.48,1.75,1.35,2.5,0.911,1055
2024-11-17T00:00:00.000Z,0.32,2.67,1.17,1,1.35,0.296,1065
2024-11-18T00:00:00.000Z,0.03,1.3,0.63,0.45,0.8,0.227,1017
2024-11-19T00:00:00.000Z,0.45,4.59,2.15,1.55,2.7,0.777,914
2024-11-20T00:00:00.000Z,0.63,3.97,2,1.27,2.65,0.789,902
2024-11-21T00:00:00.000Z,0.35,2.27,1.23,1,1.4,0.31,785
2024-11-22T00:00:00.000Z,0.35,2.92,1.55,0.98,2.02,0.589,844
2024-11-23T00:00:00.000Z,0.52,3.03,2.04,1.65,2.25,0.438,689
2024-11-24T00:00:00.000Z,0.3,2.35,1.1,0.82,1.5,0.429,882
2024-11-25T00:00:00.000Z,0.75,4.13,2.39,1.27,3.13,0.927,906
2024-11-26T00:00:00.000Z,2.2,3.8,2.8,2.65,3,0.251,1268
2024-11-27T00:00:00.000Z,1.73,6.22,4.34,2.88,4.8,1.058,1294
2024-11-28T00:00:00.000Z,3.15,6.05,4.09,3.78,4.57,0.592,535
2024-11-29T00:00:00.000Z,0.65,1.73,1.1,1,1.2,0.156,196
2024-11-30T00:00:00.000Z,0.47,4.97,1.3,1,1.83,0.782,1408
2024-12-01T00:00:00.000Z,0.73,4,2.08,1.73,2.4,0.57,1051
2024-12-02T00:00:00.000Z,2.4,5.47,3.9,3.5,4.22,0.536,1405
2024-12-03T00:00:00.000Z,0.03,6.4,2.67,0.93,3.97,1.682,1382
2024-12-04T00:00:00.000Z,0.2,4.32,1.67,1.2,2.88,0.939,1304
2024-12-05T00:00:00.000Z,1.6,7.22,2.7,2.2,3.22,1.098,1396
2024-12-06T00:00:00.000Z,0.6,4.45,2.9,2.1,3.15,0.786,1393
2024-12-07T00:00:00.000Z,2.54,5.22,3.65,3.33,4.03,0.462,1309
2024-12-08T00:00:00.000Z,2.02,5.22,3.65,3.15,4.05,0.611,1263
2024-12-09T00:00:00.000Z,1.2,5.78,3.05,2.17,4.2,1.122,1364
2024-12-10T00:00:00.000Z,0.65,8.25,1.65,1.33,1.98,1.103,1300
2024-12-11T00:00:00.000Z,0.3,2.63,1,0.82,1.27,0.359,1351
2024-12-12T00:00:00.000Z,0.1,3.1,0.7,0.52,0.85,0.379,1366
2024-12-13T00:00:00.000Z,0.2,4.18,1.3,1,1.63,0.613,1260
2024-12-14T00:00:00.000Z,1.4,4.3,2.2,1.94,2.6,0.503,1201
2024-12-15T00:00:00.000Z,1.25,6.53,2.33,1.95,4.28,1.347,1305
2024-12-16T00:00:00.000Z,0.2,4.2,1.7,0.82,2.47,0.885,1184
2024-12-17T00:00:00.000Z,0.4,117.18,1.5,1.2,1.98,5.295,1218
2024-12-18T00:00:00.000Z,0.6,5.78,1.98,1.6,2.72,1.037,1260
2024-12-19T00:00:00.000Z,1.2,3.1,1.9,1.69,2.1,0.292,569
2024-12-20T00:00:00.000Z,0.2,2.78,1.3,1.05,1.7,0.46,1030
2024-12-21T00:00:00.000Z,0.1,2.47,1.2,0.88,1.4,0.368,1242
2024-12-22T00:00:00.000Z,0.77,4.5,2.5,1.4,3.05,0.871,1339
2024-12-23T00:00:00.000Z,1.65,4.38,2.63,2.2,3.33,0.645,1327
2024-12-24T00:00:00.000Z,1.67,4.63,2.83,2.27,3.33,0.665,1279
2024-12-25T00:00:00.000Z,0.43,4.3,1.6,1.27,2.02,0.75,1399
2024-12-26T00:00:00.000Z,0.1,2.67,1.12,0.9,1.4,0.476,1392
2024-12-27T00:00:00.000Z,0.47,4.34,2.59,1.65,3.1,0.876,1388
2024-12-28T00:00:00.000Z,0.7,3.55,1.7,1.48,2.13,0.524,1366
2024-12-29T00:00:00.000Z,0.1,2.1,0.93,0.7,1.14,0.348,1123
2024-12-30T00:00:00.000Z,0,2.35,0.77,0.56,1.1,0.426,600
2024-12-31T00:00:00.000Z,0.1,1.48,0.56,0.45,0.7,0.209,955
2025-01-01T00:00:00.000Z,0.2,1.8,1,0.8,1.2,0.275,1308
2025-01-02T00:00:00.000Z,0.13,2.45,1.05,0.72,1.35,0.396,1388
2025-01-03T00:00:00.000Z,0.32,2.92,1.52,1.2,1.9,0.472,1345
2025-01-04T00:00:00.000Z,0.32,5,2,1.58,2.42,0.835,1371
2025-01-05T00:00:00.000Z,0.35,2.88,1.2,0.93,1.52,0.438,1363
2025-01-06T00:00:00.000Z,0.85,4.43,1.98,1.7,2.38,0.563,1384
2025-01-07T00:00:00.000Z,1.9,7.15,2.96,2.52,5,1.39,1390
2025-01-08T00:00:00.000Z,1.38,5.55,2.47,2.04,3.53,0.949,1375
2025-01-09T00:00:00.000Z,1.4,4.43,2.4,2.08,2.83,0.53,1380
2025-01-10T00:00:00.000Z,1.55,6.75,3.1,2.2,3.94,1.059,1372
2025-01-11T00:00:00.000Z,0.5,3.4,1.5,1.2,2.08,0.552,1380
2025-01-12T00:00:00.000Z,0.6,2.27,1.17,1,1.32,0.258,1376
2025-01-13T00:00:00.000Z,0.65,5.28,1.9,1.5,2.57,0.829,1265
2025-01-14T00:00:00.000Z,0.85,3.53,1.8,1.52,2,0.35,921
2025-01-15T00:00:00.000Z,0.55,4.63,1.7,1.4,2.04,0.569,1379
2025-01-16T00:00:00.000Z,0.35,2.29,1.3,1.01,1.5,0.325,1369
2025-01-17T00:00:00.000Z,0.22,3.97,1.25,0.9,1.73,0.626,1351
2025-01-18T00:00:00.000Z,0.22,4.5,0.88,0.65,1.52,0.558,1341
2025-01-19T00:00:00.000Z,0.3,3.17,1.35,1.08,1.6,0.388,1347
2025-01-20T00:00:00.000Z,0.1,3.03,1.17,0.75,1.52,0.538,1353
2025-01-21T00:00:00.000Z,0.47,2.97,1.37,1.02,1.67,0.409,1376
2025-01-22T00:00:00.000Z,0.43,4.95,2.4,1.8,3,0.944,1358
2025-01-23T00:00:00.000Z,1.6,5.3,3.72,3.12,4.15,0.732,1356
2025-01-24T00:00:00.000Z,1.5,5,2.75,2.29,3.35,0.747,1311
2025-01-25T00:00:00.000Z,1.8,4.38,2.58,2.33,2.85,0.373,1241
2025-01-26T00:00:00.000Z,1.25,3.92,2.4,1.7,3,0.678,451
2025-01-27T00:00:00.000Z,1.3,4.55,2.29,1.98,2.7,0.592,1126
2025-01-28T00:00:00.000Z,2.1,6.05,3.33,2.95,4.09,0.749,1418
2025-01-29T00:00:00.000Z,2.25,7.68,5.88,4.72,6.4,1.278,1288
2025-01-30T00:00:00.000Z,0.2,4.3,1.9,0.85,3,1.149,1005
2025-01-31T00:00:00.000Z,0.8,7.93,2.08,1.7,3,0.883,1098
2025-02-01T00:00:00.000Z,0.4,3.13,1.1,0.9,1.3,0.377,847
2025-02-02T00:00:00.000Z,0.3,3.53,0.95,0.77,1.12,0.363,1190
2025-02-03T00:00:00.000Z,0.35,3.58,1.7,1.4,2,0.451,1379
2025-02-04T00:00:00.000Z,1.6,5.32,2.97,2.47,3.4,0.652,1378
2025-02-05T00:00:00.000Z,1.6,6.25,3.47,2.29,4.28,1.156,1382
2025-02-06T00:00:00.000Z,1.48,6,3.22,2.08,3.88,1.059,1371
2025-02-07T00:00:00.000Z,2.7,5.35,3.6,3.35,3.88,0.448,1187
2025-02-08T00:00:00.000Z,3.88,12.2,6.15,5.25,7.34,1.662,1257
2025-02-09T00:00:00.000Z,3.17,8.68,4.65,4.28,5.18,0.841,1249
2025-02-10T00:00:00.000Z,2.17,6.78,3.7,2.97,4.72,0.995,1327
2025-02-11T00:00:00.000Z,1.5,5.68,2.83,2.2,3.35,0.931,696
2025-02-12T00:00:00.000Z,2.4,6.3,3.6,3.25,4,0.599,1209
2025-02-13T00:00:00.000Z,1.7,5.97,3.25,2.8,3.63,0.72,1162
2025-02-14T00:00:00.000Z,0.73,2.7,1.85,1.6,2,0.302,645
2025-02-15T00:00:00.000Z,0.65,3,1.73,1.5,1.95,0.322,1028
2025-02-16T00:00:00.000Z,0.8,3.97,1.55,1.35,1.9,0.474,769
2025-02-17T00:00:00.000Z,1.23,4.03,2.33,2,2.8,0.496,856
2025-02-18T00:00:00.000Z,0.5,2.38,1.25,1.1,1.4,0.257,1006
2025-02-19T00:00:00.000Z,0.55,5.53,1.4,1.25,1.63,0.673,1361
2025-02-20T00:00:00.000Z,1.02,7.5,1.65,1.48,1.9,0.457,1337
2025-02-21T00:00:00.000Z,1,5.13,1.9,1.7,2.75,0.891,1333
2025-02-22T00:00:00.000Z,1.4,4.34,2.54,1.9,2.9,0.56,1360
2025-02-23T00:00:00.000Z,2.67,10.02,3.75,3.4,4.43,1.137,1365
2025-02-24T00:00:00.000Z,2.92,8.44,5.88,4.68,6.35,1.153,1354
2025-02-25T00:00:00.000Z,4.38,11.55,5.85,5.25,7.93,1.671,1334
2025-02-26T00:00:00.000Z,3.95,12.57,5.68,4.9,6.7,1.331,1334
2025-02-27T00:00:00.000Z,4.22,14,7.45,6.72,8.26,1.668,976
2025-02-28T00:00:00.000Z,3.67,10.18,7.05,5.6,7.57,1.325,235
2025-03-01T00:00:00.000Z,1.17,9.75,2.29,1.77,2.9,0.977,917
2025-03-02T00:00:00.000Z,0.85,5.03,2.88,1.7,3.22,0.872,1374
2025-03-03T00:00:00.000Z,0.56,4.78,1.52,1.3,1.8,0.757,1347
2025-03-04T00:00:00.000Z,0.1,3.72,1.09,0.85,1.3,0.359,1346
2025-03-05T00:00:00.000Z,0.22,3.47,1.5,1.12,1.97,0.548,1365
2025-03-06T00:00:00.000Z,1.5,3.13,2,1.88,2.13,0.245,356
2025-03-07T00:00:00.000Z,0,10.73,1.27,0.65,1.92,1.364,926
2025-03-08T00:00:00.000Z,0.45,10.19,2.63,1.8,4.5,2.473,1343
2025-03-09T00:00:00.000Z,0.43,9.9,1.3,0.97,1.6,1.284,1297
2025-03-10T00:00:00.000Z,1.1,23.6,1.8,1.6,2.4,1.443,1338
2025-03-11T00:00:00.000Z,1.4,3.45,2.04,1.9,2.22,0.323,1360
2025-03-12T00:00:00.000Z,0.85,2.33,1.48,1.33,1.6,0.204,1370
2025-03-13T00:00:00.000Z,1.5,6.75,4.43,3.9,5.32,1.181,881
2025-03-14T00:00:00.000Z,0.5,4.2,1.6,1.2,1.9,0.78,571
2025-03-15T00:00:00.000Z,0.5,1.1,0.8,0.73,0.98,0.167,15
2025-03-18T00:00:00.000Z,0.5,2.6,1.5,1.05,2.13,0.593,159
2025-03-19T00:00:00.000Z,0,8,0.9,0.6,1.2,0.882,1312
2025-03-20T00:00:00.000Z,0.56,3.33,1.49,1.2,2.29,0.636,1306
2025-03-21T00:00:00.000Z,0.52,10.43,2,1.5,3.05,1.147,1352
2025-03-22T00:00:00.000Z,1.25,30.55,2.2,1.8,3.1,3.074,1313
2025-03-23T00:00:00.000Z,0.8,20.14,2.38,1.8,2.9,2.225,1307
2025-03-24T00:00:00.000Z,1.4,5.82,2.78,2.29,3.33,0.799,1409
2025-03-25T00:00:00.000Z,1.52,7.3,4.43,4.03,4.9,1.049,1407
2025-03-26T00:00:00.000Z,2.42,6.4,3.8,3.5,4.3,0.636,1384
2025-03-27T00:00:00.000Z,2.42,5.15,3.53,3.2,3.85,0.448,524
2025-03-28T00:00:00.000Z,1.23,5.45,2.17,1.98,2.4,0.442,1070
2025-03-29T00:00:00.000Z,1.6,40.04,3.16,2.63,3.83,4.653,1254
2025-03-30T00:00:00.000Z,1.77,5.32,2.47,2.2,2.85,0.487,776
2025-03-31T00:00:00.000Z,2.1,5.55,3.22,2.8,3.65,0.561,1228
2025-04-01T00:00:00.000Z,2.8,21.6,4.13,3.6,4.55,1.439,472
2025-04-02T00:00:00.000Z,1,2.29,1.5,1.35,1.6,0.191,424
2025-04-03T00:00:00.000Z,0.7,58.17,1.5,1.23,1.8,7.292,1298
2025-04-04T00:00:00.000Z,0.17,2.22,1.08,0.88,1.3,0.305,1372
2025-04-05T00:00:00.000Z,0.43,2.17,1,0.82,1.17,0.273,1267
2025-04-06T00:00:00.000Z,0.43,17.1,1.02,0.88,1.33,1.463,795
2025-04-07T00:00:00.000Z,0.5,5.22,1.17,1,1.4,0.524,752
2025-04-08T00:00:00.000Z,0.3,39.08,1.14,0.85,1.5,4.564,1283
2025-04-09T00:00:00.000Z,0.05,2.22,0.88,0.6,1.3,0.436,1324
2025-04-10T00:00:00.000Z,0.05,1.63,0.8,0.65,1,0.254,1386
2025-04-11T00:00:00.000Z,0.4,1.75,0.98,0.85,1.1,0.199,1376
2025-04-12T00:00:00.000Z,0.5,2.92,1.4,1.14,1.8,0.396,1392
2025-04-13T00:00:00.000Z,0.98,15.52,1.6,1.5,1.85,1.587,1198
2025-04-14T00:00:00.000Z,1.2,5.4,2.4,2,3.08,0.839,1355
2025-04-15T00:00:00.000Z,1.2,119.03,3.45,1.77,5.07,19.954,1293
2025-04-16T00:00:00.000Z,1.7,117.78,2.67,2.25,3.33,21.954,1088
2025-04-17T00:00:00.000Z,1.58,4.09,2.4,2.17,2.7,0.415,1239
2025-04-18T00:00:00.000Z,2.15,192.07,3.6,3.2,4.75,37.76,1321
2025-04-19T00:00:00.000Z,0.3,7.1,4.2,2.39,4.59,1.525,1104
2025-04-20T00:00:00.000Z,0.38,8.88,1.8,1.02,2.63,1.165,1401
2025-04-21T00:00:00.000Z,0.47,3.15,1.2,1,1.88,0.563,1405
2025-04-22T00:00:00.000Z,0.7,3.22,1.5,1.3,1.75,0.324,1408
2025-04-23T00:00:00.000Z,1.2,3.08,1.9,1.7,2.17,0.349,1407
2025-04-24T00:00:00.000Z,0.35,16.14,1.25,0.93,2.2,1.435,1298
2025-04-25T00:00:00.000Z,0.9,3.47,1.4,1.3,1.6,0.319,1382
2025-04-26T00:00:00.000Z,0.38,6,1.2,1.05,1.35,0.544,1393
2025-04-27T00:00:00.000Z,0.4,32.13,1.1,0.93,1.3,4.611,1326
2025-04-28T00:00:00.000Z,0.52,3.08,1.5,1.2,1.77,0.362,1404
2025-04-29T00:00:00.000Z,0.25,2.17,1.1,0.93,1.3,0.307,1401
2025-04-30T00:00:00.000Z,0.65,17.13,1.48,1.3,1.7,1.75,1354
2025-05-01T00:00:00.000Z,1.14,119.53,1.7,1.52,2.04,23.413,1363
2025-05-02T00:00:00.000Z,0.77,4.9,1.52,1.3,1.8,0.394,1231
2025-05-03T00:00:00.000Z,0.28,53.72,0.93,0.75,1.5,9.067,1117
2025-05-04T00:00:00.000Z,0.25,59.65,1.1,0.8,1.58,7.266,1348
2025-05-05T00:00:00.000Z,0.2,2.58,0.95,0.8,1.1,0.233,1405
2025-05-06T00:00:00.000Z,0.15,2.29,1.2,1.08,1.4,0.276,1381
2025-05-07T00:00:00.000Z,0.28,2.4,1.3,1,1.5,0.353,1405
2025-05-08T00:00:00.000Z,0.88,5.28,1.65,1.4,1.85,0.485,1387
2025-05-09T00:00:00.000Z,1.2,159.18,1.9,1.7,2.83,22.087,1335
2025-05-10T00:00:00.000Z,1.48,5.5,2.52,2.17,2.8,0.511,1380
2025-05-11T00:00:00.000Z,1.1,71,2.5,1.84,3.26,8.285,1336
2025-05-12T00:00:00.000Z,2.1,205,3,2.7,3.7,32.949,1354
2025-05-13T00:00:00.000Z,1.77,128,2.4,2.2,2.8,18.89,1334
2025-05-14T00:00:00.000Z,1.2,4.32,2.2,1.83,2.83,0.628,1398
2025-05-15T00:00:00.000Z,0.75,227.95,2.17,1.85,3.67,44.566,1352
2025-05-16T00:00:00.000Z,0.7,25.88,1.7,1.45,2.2,2.035,1287
2025-05-17T00:00:00.000Z,0.6,163.25,2.17,1.4,3.62,28.707,1329
2025-05-18T00:00:00.000Z,1.4,12.25,2.13,1.9,2.42,1.265,1294
2025-05-19T00:00:00.000Z,0.7,438.92,1.6,1.3,2.1,85.358,1341
2025-05-20T00:00:00.000Z,0.9,360.95,1.92,1.52,2.38,74.309,1344
2025-05-21T00:00:00.000Z,0.13,157.3,0.99,0.65,1.5,25.786,1348
2025-05-22T00:00:00.000Z,0.9,55.4,1.65,1.4,2.08,7.495,1322
2025-05-23T00:00:00.000Z,1.38,4.43,2.54,1.9,3,0.663,1364
2025-05-24T00:00:00.000Z,1.5,257.58,3,2.29,4.2,55.333,1331
2025-05-25T00:00:00.000Z,0.75,6.78,1.87,1.4,4.75,1.824,1378
2025-05-26T00:00:00.000Z,0.6,5.88,1.8,1.4,2.85,1.216,1404
2025-05-27T00:00:00.000Z,0.8,34.79,2.58,1.8,3,5.387,1277
2025-05-28T00:00:00.000Z,2.04,4.7,2.9,2.6,3.2,0.464,1403
2025-05-29T00:00:00.000Z,4,10.05,7.38,5.85,8.43,1.504,530
2025-05-30T00:00:00.000Z,3.85,6.6,5.07,4.65,5.47,0.524,199
2025-05-31T00:00:00.000Z,0.4,227.2,2.27,1.38,4.68,43.989,1334
2025-06-01T00:00:00.000Z,0.3,200.73,1,0.82,1.29,44.226,1353
2025-06-02T00:00:00.000Z,0.88,3.3,1.6,1.4,1.95,0.41,1301
2025-06-03T00:00:00.000Z,0.98,215.8,2.2,1.73,2.6,43.593,1335
2025-06-04T00:00:00.000Z,0.98,113.15,1.85,1.5,2.5,22.752,1304
2025-06-05T00:00:00.000Z,1.5,6.25,2.83,2.2,4.38,1.17,1358
2025-06-06T00:00:00.000Z,1.1,8.3,2,1.6,3.25,1.692,1389
2025-06-07T00:00:00.000Z,1.2,4.32,2.33,1.85,3.05,0.685,1335
2025-06-08T00:00:00.000Z,1.3,26.08,2.08,1.83,2.45,3.895,1279
2025-06-09T00:00:00.000Z,1.1,4.53,2.1,1.75,2.52,0.549,1384
2025-06-10T00:00:00.000Z,1.1,62.03,1.8,1.6,2.04,10.783,1329
2025-06-11T00:00:00.000Z,1.4,5.15,2.92,2.27,3.5,0.767,1316
2025-06-12T00:00:00.000Z,2.35,11.77,4,3.53,4.53,1.174,1110
2025-06-13T00:00:00.000Z,2,9.93,3.35,2.9,4,0.829,1405
2025-06-14T00:00:00.000Z,1.95,142.88,3.03,2.47,3.6,23.662,1365
2025-06-15T00:00:00.000Z,1.63,103.7,2.38,2.1,4.53,22.992,828
2025-06-16T00:00:00.000Z,1.9,33.67,2.97,2.65,3.58,4.228,1025
2025-06-17T00:00:00.000Z,1.83,40.29,3.7,3.1,4.4,3.431,1403
2025-06-18T00:00:00.000Z,1.23,7.78,2.54,2,3.38,1.086,1411
2025-06-19T00:00:00.000Z,0.7,5.03,2.17,1.58,2.8,0.976,1412
2025-06-20T00:00:00.000Z,1.14,3.1,1.77,1.6,1.98,0.266,1312
2025-06-21T00:00:00.000Z,1.4,3.2,2.17,1.92,2.38,0.292,1263
2025-06-22T00:00:00.000Z,1.14,6.03,1.8,1.6,2.1,0.685,1413
2025-06-23T00:00:00.000Z,1.1,4.4,2,1.7,2.33,0.433,1397
2025-06-24T00:00:00.000Z,0.98,2.95,1.75,1.45,2.2,0.423,1414
2025-06-25T00:00:00.000Z,0.43,3.03,1.3,1,1.5,0.341,1405
2025-06-26T00:00:00.000Z,1,3.5,1.6,1.42,2.4,0.533,1417
2025-06-27T00:00:00.000Z,1.8,8.07,2.47,2.29,2.83,0.638,1372
2025-06-28T00:00:00.000Z,2.25,9.1,3.1,2.83,3.8,0.755,1413
2025-06-29T00:00:00.000Z,0.6,10.98,5.35,4.07,7.42,2.811,1412
2025-06-30T00:00:00.000Z,0.75,4.4,2.1,1.4,2.4,0.682,996
2025-07-01T00:00:00.000Z,1.3,9.19,1.8,1.65,1.9,0.605,1407
2025-07-02T00:00:00.000Z,1.65,119.13,2.5,2.02,3.19,22.71,1329
2025-07-03T00:00:00.000Z,1.5,195.95,2.75,2.29,3.33,37.78,1289
2025-07-04T00:00:00.000Z,0.2,11.1,1.45,1.1,1.67,0.665,1305
2025-07-05T00:00:00.000Z,0.88,112.13,1.4,1.2,1.98,21.39,1345
2025-07-06T00:00:00.000Z,0.93,6.5,1.98,1.6,2.59,0.78,1289
2025-07-07T00:00:00.000Z,1.4,46.22,2.92,2.02,3.58,5.746,1269
2025-07-08T00:00:00.000Z,0.55,7.22,2,1.5,3.7,1.295,1410
2025-07-09T00:00:00.000Z,1.3,6.05,2.04,1.75,2.5,0.558,1379
2025-07-10T00:00:00.000Z,1.33,9.38,2,1.83,2.27,0.434,1415
2025-07-11T00:00:00.000Z,1.92,91.7,4.2,3.25,4.88,19.095,1330
2025-07-12T00:00:00.000Z,2.27,12.4,6.22,4.68,7.6,2.205,1184
2025-07-13T00:00:00.000Z,2.4,165.07,4.34,3.51,7.87,34.472,1256
2025-07-14T00:00:00.000Z,5.57,78.9,7.45,6.72,8.57,13.816,1216
2025-07-15T00:00:00.000Z,2.5,225.13,5.77,4.9,7.13,47.286,1296
2025-07-16T00:00:00.000Z,1.75,315.3,2.8,2.5,4.94,68.03,1256
2025-07-17T00:00:00.000Z,1.92,89.38,2.6,2.4,3.19,15.746,1213
2025-07-18T00:00:00.000Z,2,317.67,2.97,2.6,3.7,69.976,1308
2025-07-19T00:00:00.000Z,2.1,175.2,3.5,2.92,4.09,36.03,1264
2025-07-20T00:00:00.000Z,2.2,50.25,3.08,2.83,3.38,4.765,1203
2025-07-21T00:00:00.000Z,2.88,13.82,3.95,3.67,4.2,1.025,1218
2025-07-22T00:00:00.000Z,3.17,37.13,5.03,4.18,6.2,4.728,1199
2025-07-23T00:00:00.000Z,3.13,135.13,5.85,4.97,6.82,26.6,1225
2025-07-24T00:00:00.000Z,4,187.9,5.65,5.09,6.63,29.978,1171
2025-07-25T00:00:00.000Z,4.95,347.83,6.72,6.22,10.15,84.471,1176
2025-07-26T00:00:00.000Z,4.43,46.45,7.94,6.9,9.1,4.721,1124
2025-07-27T00:00:00.000Z,4.09,101.45,9.69,8.48,11.82,14.562,1246
2025-07-28T00:00:00.000Z,2.97,40.78,5.32,4.8,6.18,4.035,1205
2025-07-29T00:00:00.000Z,3.92,87.82,5.55,4.95,6.78,13.408,1167
2025-07-30T00:00:00.000Z,5.7,11.4,8.52,7.97,9.24,1.114,660
2025-07-31T00:00:00.000Z,4.47,112.9,8.15,6.88,9.5,11.986,1241
2025-08-01T00:00:00.000Z,4.8,128.97,6.53,5.95,7.6,22.351,1247
2025-08-02T00:00:00.000Z,1.88,50.75,5.3,3.22,6.29,7.16,1348
2025-08-03T00:00:00.000Z,2.2,555.78,4.82,3.25,6.28,104.994,1259
2025-08-04T00:00:00.000Z,2.17,284.98,3.33,2.85,3.9,43.755,1209
2025-08-05T00:00:00.000Z,1.48,8.4,2.9,2.1,3.88,0.999,1148
2025-08-06T00:00:00.000Z,1.27,13.2,2.5,1.92,3.08,1.169,1054
2025-08-07T00:00:00.000Z,1.08,71.06,1.92,1.67,2.29,8.076,1168
2025-08-08T00:00:00.000Z,1.35,25.98,2.29,2.1,2.54,1.208,1200
2025-08-09T00:00:00.000Z,1.73,235.95,2.72,2.45,3.15,36.604,1265
2025-08-10T00:00:00.000Z,1.9,45.65,3.03,2.6,3.45,4.42,1241
2025-08-11T00:00:00.000Z,1.75,105.28,2.72,2.33,3.2,10.878,1316
2025-08-12T00:00:00.000Z,0.6,227.93,1.42,1.2,1.9,38.44,1341
2025-08-13T00:00:00.000Z,0.8,68.93,1.5,1.27,2,10.653,1303
2025-08-14T00:00:00.000Z,1.14,282.92,1.73,1.6,2.04,28.406,1271
2025-08-15T00:00:00.000Z,1.23,59.67,2.45,1.85,2.89,7.069,1068
2025-08-16T00:00:00.000Z,0.43,8.6,1.2,0.98,2.35,0.941,1267
2025-08-17T00:00:00.000Z,0.45,32.54,1.5,1.23,1.9,2.927,1295
2025-08-18T00:00:00.000Z,1.2,6.88,2.29,1.87,3.03,0.913,1372
2025-08-19T00:00:00.000Z,1.1,35.85,2,1.8,2.4,5.097,1088
2025-08-20T00:00:00.000Z,0.15,19.73,1.1,0.88,1.4,1.816,1218
2025-08-21T00:00:00.000Z,0.43,68.81,1.3,1.1,1.65,10.925,791
2025-08-22T00:00:00.000Z,0.4,4.72,1.58,1.3,1.9,0.508,851
2025-08-23T00:00:00.000Z,0.82,2.85,1.6,1.38,1.9,0.356,1386
2025-08-24T00:00:00.000Z,0.45,26.95,2.13,1.5,2.67,2.084,1292
2025-08-25T00:00:00.000Z,0.75,14.07,2.1,1.5,3.1,1.295,1406
2025-08-26T00:00:00.000Z,0.8,7.53,1.63,1.42,1.88,0.539,1375
2025-08-27T00:00:00.000Z,0.75,11.2,1.6,1.3,1.9,1.086,1345
2025-08-28T00:00:00.000Z,0.68,29,1.5,1.14,1.8,3.3,1330
2025-08-29T00:00:00.000Z,1.42,8.69,2.78,2.33,3.3,1.162,1320
2025-08-30T00:00:00.000Z,1.08,17.63,7.43,2.4,9.76,3.853,1293
2025-08-31T00:00:00.000Z,1.14,12.9,2.5,1.8,3.95,2.616,1230
2025-09-01T00:00:00.000Z,1.2,14.25,2.6,2.17,3.42,1.608,1338
2025-09-02T00:00:00.000Z,1.55,77.13,2.38,2,3.13,13.143,1334
2025-09-03T00:00:00.000Z,1.65,76.59,2.8,2.29,3.3,12.414,1264
2025-09-04T00:00:00.000Z,1.9,7.1,3.55,2.88,4.65,1.061,1391
2025-09-05T00:00:00.000Z,2.6,13.98,3.78,3.4,4.53,1.143,974
2025-09-06T00:00:00.000Z,3.17,3.9,3.7,3.44,3.76,0.212,12
2025-09-07T00:00:00.000Z,2.4,41.92,3.8,3.29,4.68,4.319,565
2025-09-08T00:00:00.000Z,3.97,8.35,5.59,5.13,6.07,0.67,640
2025-09-09T00:00:00.000Z,4.4,66.95,6.22,5.75,6.97,7.974,1263
2025-09-10T00:00:00.000Z,4.09,14.38,6.4,5.45,7.1,1.239,1161
2025-09-11T00:00:00.000Z,1.77,138.52,4.63,2.63,5.6,25.995,1271
2025-09-12T00:00:00.000Z,1.77,56.9,2.7,2.4,3.1,7.49,1306
2025-09-13T00:00:00.000Z,2.7,10.77,3.88,3.53,4.25,0.59,1416
2025-09-14T00:00:00.000Z,2.02,9.57,4.29,3.13,4.9,1.099,1414
2025-09-15T00:00:00.000Z,1.98,7.4,2.9,2.63,3.17,0.482,1163
2025-09-16T00:00:00.000Z,1.9,8.05,2.85,2.63,3.1,0.493,1416
2025-09-17T00:00:00.000Z,1.35,9.1,2.13,1.8,2.6,0.7,1344
2025-09-18T00:00:00.000Z,1.1,6.78,1.85,1.65,2.13,0.536,1410
2025-09-19T00:00:00.000Z,0.85,9.75,1.88,1.6,2.17,0.918,1264
2025-09-20T00:00:00.000Z,1.12,10.7,2.58,2.1,3.13,0.894,1108
2025-09-21T00:00:00.000Z,3.25,15.63,5.68,4.25,8.35,2.264,1325
2025-09-22T00:00:00.000Z,0.22,11.8,1.6,1,3.53,1.396,1400
2025-09-23T00:00:00.000Z,0.2,9.82,0.8,0.6,1.12,1.376,1392
2025-09-24T00:00:00.000Z,0.13,10.32,0.7,0.55,0.9,0.504,1387
2025-09-25T00:00:00.000Z,0.35,8.19,1.02,0.82,1.2,0.775,1325
2025-09-26T00:00:00.000Z,0.4,9.19,1.3,1.02,1.83,0.885,1304
2025-09-27T00:00:00.000Z,1.05,6.57,1.8,1.48,2.29,0.614,1338
2025-09-28T00:00:00.000Z,0.7,23.15,1.5,1.3,1.73,1.643,1272
2025-09-29T00:00:00.000Z,1.12,26.27,2.02,1.6,2.6,2.377,1277
2025-09-30T00:00:00.000Z,1.77,24.08,3.3,2.9,3.99,2.507,1284
2025-10-01T00:00:00.000Z,1.7,26.27,3.15,2.7,4.28,2.245,1185
2025-10-02T00:00:00.000Z,1.2,6.85,2.35,2.1,2.63,0.616,1283
2025-10-03T00:00:00.000Z,1.8,11.65,3.35,2.52,4.57,1.354,1227
2025-10-04T00:00:00.000Z,2.8,8.68,4.8,3.75,5.57,1.062,1379
2025-10-05T00:00:00.000Z,2.42,8.3,3.38,3.1,3.65,0.443,1397
2025-10-06T00:00:00.000Z,2.08,5.47,3.2,2.8,3.72,0.574,1405
2025-10-07T00:00:00.000Z,2.1,11.27,4,3.22,5.15,1.419,1347
2025-10-08T00:00:00.000Z,1.5,16.42,2.83,2.04,4.32,1.637,1295
2025-10-09T00:00:00.000Z,1.55,7.25,2.42,2.2,2.7,0.471,1378
2025-10-10T00:00:00.000Z,0.95,7.45,2.78,2.29,3.25,0.729,1406
2025-10-11T00:00:00.000Z,0.13,7.82,1.1,0.65,1.4,0.628,1403
2025-10-12T00:00:00.000Z,0.08,3.85,0.8,0.63,1.02,0.393,1388
2025-10-13T00:00:00.000Z,0,5.3,1.1,0.8,1.4,0.514,1405
2025-10-14T00:00:00.000Z,0.5,4.47,1.2,1,1.38,0.323,1338
2025-10-15T00:00:00.000Z,0.77,4.2,1.58,1.4,1.7,0.476,1299
2025-10-16T00:00:00.000Z,0.56,6.78,1.45,1.14,2.6,0.928,1161
2025-10-17T00:00:00.000Z,0.8,9,1.5,1.25,2.17,1.282,1284
2025-10-18T00:00:00.000Z,0.95,6.2,2.04,1.7,2.52,0.754,1366
2025-10-19T00:00:00.000Z,1.05,4.43,1.6,1.5,1.92,0.721,1411
2025-10-20T00:00:00.000Z,1,5.93,1.6,1.45,1.8,0.395,1415
2025-10-21T00:00:00.000Z,1.3,5.8,2.1,1.85,2.5,0.498,1415
2025-10-22T00:00:00.000Z,1.38,6.93,1.95,1.8,2.35,0.553,1408
2025-10-23T00:00:00.000Z,1.52,6.1,2.91,2.58,3.38,0.606,1412
2025-10-24T00:00:00.000Z,2.8,7.68,4.12,3.7,4.8,0.768,1414
2025-10-25T00:00:00.000Z,2.9,8.18,5,4.59,5.5,0.75,1404
2025-10-26T00:00:00.000Z,0.35,11.73,2.45,1.58,4.82,1.909,1417
2025-10-27T00:00:00.000Z,0.8,4.88,1.85,1.52,2.1,0.444,1349
2025-10-28T00:00:00.000Z,0.8,4.09,1.62,1.4,2.1,0.601,1418
2025-10-29T00:00:00.000Z,1.58,5.3,2.78,2.4,3.22,0.538,1415
2025-10-30T00:00:00.000Z,1.08,6.9,1.75,1.5,2.02,0.486,1411
2025-10-31T00:00:00.000Z,1,7.82,1.6,1.4,1.92,0.46,1414
2025-11-01T00:00:00.000Z,0.98,10.07,2.97,2.04,3.47,1.036,1414
2025-11-02T00:00:00.000Z,1.3,5.57,2.7,2,3.28,0.746,1417
2025-11-03T00:00:00.000Z,1.67,9.6,3.83,2.88,5.4,1.798,1415
2025-11-04T00:00:00.000Z,0.73,7.65,1.8,1.6,2.2,1.385,1412
2025-11-05T00:00:00.000Z,0.17,3.72,1.42,1,2.4,0.859,1415
2025-11-06T00:00:00.000Z,2.02,5.35,3.5,3.2,3.85,0.568,1406
2025-11-07T00:00:00.000Z,1,6.75,2.2,1.8,2.74,0.765,1409
2025-11-08T00:00:00.000Z,0.8,8.82,1.95,1.5,3.1,1.684,1417
2025-11-09T00:00:00.000Z,0.5,8.55,3.92,2.29,6.59,2.331,1413
2025-11-10T00:00:00.000Z,0.38,5.22,1.7,1.3,2.58,0.859,1398
2025-11-11T00:00:00.000Z,2.22,9.43,4,3.22,5.63,1.563,1412
2025-11-12T00:00:00.000Z,0.82,4.09,1.7,1.51,2.02,0.432,1412
2025-11-13T00:00:00.000Z,0.3,5.3,1.73,1.6,2,0.504,1421
2025-11-14T00:00:00.000Z,0.1,7.07,0.68,0.45,1,0.564,1409
2025-11-15T00:00:00.000Z,0.13,4.22,1.1,0.9,1.5,0.477,1424
2025-11-16T00:00:00.000Z,0.38,4.28,1.08,0.88,1.25,0.274,1420
2025-11-17T00:00:00.000Z,0.85,4.72,2.28,1.75,3.05,0.711,1412
2025-11-18T00:00:00.000Z,1.9,4.88,3.25,2.8,3.9,0.634,1041